City_ID,City,Lat,Lng,Max Temp,Humidity,Cloudiness,Wind Speed,Country,Date
0,Kapaa,22.0752,-159.319,78.8,69,1,10.36,US,2021-02-15 03:32:02
1,Bluff,-46.6,168.3333,60.01,71,58,14.0,NZ,2021-02-15 03:32:03
2,Ahipara,-35.1667,173.1667,70.9,85,98,22.32,NZ,2021-02-15 03:32:03
3,Rikitea,-23.1203,-134.9692,79.66,77,76,16.11,PF,2021-02-15 03:32:04
4,Luderitz,-26.6481,15.1594,65.68,71,0,20.87,NA,2021-02-15 03:27:42
5,Tasiilaq,65.6145,-37.6368,30.2,86,90,3.44,GL,2021-02-15 03:32:05
6,Atuona,-9.8,-139.0333,79.03,75,1,11.25,PF,2021-02-15 03:32:05
7,Ribeira Grande,38.5167,-28.7,54.19,60,76,29.19,PT,2021-02-15 03:32:05
8,Severodvinsk,64.5635,39.8302,-13.0,77,40,2.24,RU,2021-02-15 03:32:05
9,Arraial Do Cabo,-22.9661,-42.0278,75.72,89,100,12.21,BR,2021-02-15 03:32:05
10,Lebu,-37.6167,-73.65,57.36,80,0,18.01,CL,2021-02-15 03:32:05
11,Tual,-5.6667,132.75,82.99,76,100,14.29,ID,2021-02-15 03:32:06
12,Asau,46.4333,26.4,26.6,80,40,3.44,RO,2021-02-15 03:32:06
13,Mataura,-46.1927,168.8643,60.01,71,84,14.0,NZ,2021-02-15 03:32:06
14,Hobart,-42.8794,147.3294,64.99,67,75,8.05,AU,2021-02-15 03:31:46
15,Ponta Do Sol,32.6667,-17.1,57.2,82,20,3.44,PT,2021-02-15 03:32:06
16,Yellowknife,62.456,-114.3525,-9.0,77,1,8.05,CA,2021-02-15 03:31:45
17,Barrow,71.2906,-156.7887,-9.4,70,90,8.05,US,2021-02-15 03:32:06
18,Poum,-20.2333,164.0167,80.26,76,5,5.61,NC,2021-02-15 03:32:07
19,Georgetown,5.4112,100.3354,87.8,48,20,6.91,MY,2021-02-15 03:30:14
20,Provideniya,64.3833,-173.3,12.2,73,20,15.66,RU,2021-02-15 03:32:07
21,Avarua,-21.2078,-159.775,84.2,74,40,4.61,CK,2021-02-15 03:32:07
22,Dikson,73.5069,80.5464,-21.89,87,100,14.0,RU,2021-02-15 03:32:07
23,Cochrane,51.1834,-114.4687,-7.6,77,90,10.36,CA,2021-02-15 03:27:44
24,Kaitangata,-46.2817,169.8464,60.01,73,89,15.01,NZ,2021-02-15 03:32:07
25,Umm Lajj,25.0213,37.2685,73.67,64,0,4.99,SA,2021-02-15 03:27:59
26,Marsa Matruh,31.3525,27.2453,51.8,71,0,13.8,EG,2021-02-15 03:32:08
27,Cruzeiro Do Sul,-29.5128,-51.9853,69.01,97,64,1.01,BR,2021-02-15 03:32:08
28,Albany,42.6001,-73.9662,24.01,59,100,4.5,US,2021-02-15 03:27:32
29,Puerto Ayora,-0.7393,-90.3518,77.0,91,81,6.02,EC,2021-02-15 03:30:10
30,Tautira,-17.7333,-149.15,84.2,65,40,12.66,PF,2021-02-15 03:32:08
31,Moose Factory,51.2585,-80.6094,-14.8,83,20,2.3,CA,2021-02-15 03:32:09
32,Rio Gallegos,-51.6226,-69.2181,53.6,50,40,5.75,AR,2021-02-15 03:31:25
33,Coquimbo,-29.9533,-71.3436,60.8,88,90,10.36,CL,2021-02-15 03:32:09
34,Yantal,56.8471,105.2542,-12.19,84,100,2.93,RU,2021-02-15 03:32:09
35,Busselton,-33.65,115.3333,91.0,39,85,3.0,AU,2021-02-15 03:32:09
36,West Wendover,40.7391,-114.0733,37.4,56,90,5.75,US,2021-02-15 03:32:09
37,Teguise,29.0605,-13.564,62.6,88,90,10.36,ES,2021-02-15 03:32:10
38,Punta Arenas,-53.15,-70.9167,50.0,66,90,19.57,CL,2021-02-15 03:32:10
39,Shache,38.4167,77.2406,40.5,62,23,0.94,CN,2021-02-15 03:32:10
40,Giresun,40.5,38.5,44.6,93,75,3.44,TR,2021-02-15 03:32:10
41,Paamiut,61.994,-49.6678,8.06,87,43,11.59,GL,2021-02-15 03:32:10
42,Ancud,-41.8697,-73.8203,51.01,66,0,9.22,CL,2021-02-15 03:32:10
43,Virginia Beach,36.8529,-75.978,39.0,99,100,3.0,US,2021-02-15 03:28:52
44,Ostrovnoy,68.0531,39.5131,10.92,95,100,10.87,RU,2021-02-15 03:32:11
45,Tuktoyaktuk,69.4541,-133.0374,-7.6,77,75,8.05,CA,2021-02-15 03:32:11
46,Katsuura,35.1333,140.3,62.6,94,75,20.71,JP,2021-02-15 03:32:11
47,Strai,58.2,7.9,37.99,80,75,10.36,NO,2021-02-15 03:32:11
48,Bowen,-20.0167,148.2333,87.8,55,75,9.22,AU,2021-02-15 03:29:32
49,Ormara,25.2088,64.6357,72.05,54,0,5.55,PK,2021-02-15 03:32:12
50,Nemuro,43.3236,145.575,32.0,100,75,6.91,JP,2021-02-15 03:32:12
51,Kahului,20.8947,-156.47,78.8,69,40,5.75,US,2021-02-15 03:32:12
52,Austin,30.2672,-97.7431,17.01,86,100,10.0,US,2021-02-15 03:28:58
53,Airai,-8.9266,125.4092,73.2,71,99,4.65,TL,2021-02-15 03:32:12
54,Jamestown,42.097,-79.2353,16.0,85,20,2.82,US,2021-02-15 03:32:13
55,Veshenskaya,49.6303,41.7334,10.26,93,37,6.17,RU,2021-02-15 03:32:13
56,Touros,-5.1989,-35.4608,80.6,78,75,9.22,BR,2021-02-15 03:28:20
57,Upernavik,72.7868,-56.1549,-1.71,91,98,6.51,GL,2021-02-15 03:32:13
58,Cidreira,-30.1811,-50.2056,72.37,83,94,5.93,BR,2021-02-15 03:27:35
59,Tanabe,33.7333,135.3667,57.2,88,75,25.32,JP,2021-02-15 03:32:14
60,Yar-Sale,66.8333,70.8333,-22.25,86,100,18.05,RU,2021-02-15 03:32:14
61,San Patricio,28.017,-97.5169,28.4,86,90,23.02,US,2021-02-15 03:27:47
62,Pisco,-13.7,-76.2167,71.6,73,0,4.61,PE,2021-02-15 03:30:27
63,Gotsu,35.0,132.2167,55.4,94,75,11.5,JP,2021-02-15 03:32:14
64,Ushuaia,-54.8,-68.3,48.2,66,75,6.15,AR,2021-02-15 03:31:23
65,Cape Town,-33.9258,18.4232,66.0,55,20,5.75,ZA,2021-02-15 03:30:09
66,Port Alfred,-33.5906,26.891,69.01,91,100,7.0,ZA,2021-02-15 03:32:15
67,Beloha,-25.1667,45.05,75.65,73,100,9.01,MG,2021-02-15 03:32:15
68,Torbay,47.6666,-52.7314,23.0,79,90,13.8,CA,2021-02-15 03:28:32
69,Imbituba,-28.24,-48.6703,71.6,83,40,4.61,BR,2021-02-15 03:32:15
70,Namatanai,-3.6667,152.4333,85.64,68,26,7.7,PG,2021-02-15 03:32:15
71,Thompson,55.7435,-97.8558,-7.6,84,75,4.61,CA,2021-02-15 03:32:16
72,Castro,-24.7911,-50.0119,61.88,94,21,4.38,BR,2021-02-15 03:32:16
73,Hermanus,-34.4187,19.2345,63.0,69,44,4.0,ZA,2021-02-15 03:32:16
74,Mount Gambier,-37.8333,140.7667,77.0,38,65,6.91,AU,2021-02-15 03:32:16
75,Kamina,-8.7386,24.9906,64.13,90,100,1.83,CD,2021-02-15 03:32:16
76,Turtas,58.9417,69.1325,1.31,94,66,4.45,RU,2021-02-15 03:32:17
77,Dale,38.1689,-86.99,19.4,79,90,12.66,US,2021-02-15 03:32:17
78,Mar Del Plata,-38.0023,-57.5575,69.01,100,75,3.44,AR,2021-02-15 03:30:00
79,North Bend,43.4065,-124.2243,51.8,82,90,11.5,US,2021-02-15 03:32:17
80,Waipawa,-41.4122,175.5153,64.99,82,75,11.5,NZ,2021-02-15 03:32:17
81,Port-Gentil,-0.7193,8.7815,81.55,80,100,14.25,GA,2021-02-15 03:32:12
82,Papara,-3.9839,-38.7273,82.0,83,40,5.75,BR,2021-02-15 03:32:18
83,Payette,44.0782,-116.9338,30.2,80,90,3.2,US,2021-02-15 03:32:18
84,Burnie,-41.0667,145.9167,61.0,85,100,5.01,AU,2021-02-15 03:28:28
85,Lazaro Cardenas,17.9583,-102.2,68.94,77,26,4.72,MX,2021-02-15 03:32:18
86,Jonkoping,57.7814,14.1562,12.2,92,71,2.3,SE,2021-02-15 03:32:18
87,Morehead,37.2711,-87.1764,19.99,73,90,4.61,US,2021-02-15 03:32:18
88,Ilulissat,69.2167,-51.1,8.6,61,90,11.5,GL,2021-02-15 03:32:19
89,Hilo,19.7297,-155.09,80.6,61,1,14.97,US,2021-02-15 03:32:19
90,Wanning,18.8003,110.3967,72.55,61,11,4.47,CN,2021-02-15 03:32:19
91,Shimoda,34.6667,138.95,64.4,94,75,17.27,JP,2021-02-15 03:32:19
92,Adrar,20.5022,-10.0711,63.14,27,0,14.2,MR,2021-02-15 03:32:19
93,Victoria,22.2855,114.1577,78.01,56,20,5.75,HK,2021-02-15 03:32:19
94,Agadez,19.75,10.25,60.21,27,0,6.29,NE,2021-02-15 03:32:19
95,Korla,41.7597,86.1469,41.02,59,92,0.85,CN,2021-02-15 03:32:20
96,Port Hardy,50.6996,-127.4199,41.0,81,90,25.32,CA,2021-02-15 03:32:20
97,Tateyama,34.9833,139.8667,62.6,94,75,20.71,JP,2021-02-15 03:32:20
98,Methoni,36.8197,21.7049,44.01,81,95,1.14,GR,2021-02-15 03:32:20
99,Muroto,33.2833,134.15,68.0,45,40,19.57,JP,2021-02-15 03:32:20
100,Mvangue,2.9667,11.5167,70.52,91,100,3.58,CM,2021-02-15 03:32:21
101,Laguna,38.421,-121.4238,50.0,76,90,8.05,US,2021-02-15 03:27:25
102,Bredasdorp,-34.5322,20.0403,62.6,51,5,10.36,ZA,2021-02-15 03:32:21
103,Husavik,66.0449,-17.3389,37.4,87,90,4.61,IS,2021-02-15 03:32:22
104,Yumen,40.2833,97.2,35.08,72,100,3.4,CN,2021-02-15 03:32:22
105,Broken Hill,-31.95,141.4333,87.8,23,0,12.66,AU,2021-02-15 03:32:06
106,Shingu,33.7333,135.9833,57.2,88,75,25.32,JP,2021-02-15 03:30:21
107,Cap Malheureux,-19.9842,57.6142,79.0,80,94,1.01,MU,2021-02-15 03:32:23
108,Caravelas,-17.7125,-39.2481,74.88,84,100,6.38,BR,2021-02-15 03:32:24
109,Sao Joao Da Barra,-21.6403,-41.0511,75.96,87,100,9.26,BR,2021-02-15 03:32:24
110,Mehamn,71.0357,27.8492,28.47,96,100,3.78,NO,2021-02-15 03:32:24
111,Esperance,-33.8667,121.9,87.8,27,49,6.91,AU,2021-02-15 03:32:25
112,Fuxin,42.0156,121.6589,17.15,68,0,9.44,CN,2021-02-15 03:32:25
113,San Cristobal,7.7669,-72.225,66.74,88,93,1.12,VE,2021-02-15 03:32:25
114,Pevek,69.7008,170.3133,-18.94,85,0,1.36,RU,2021-02-15 03:32:25
115,Severo-Kurilsk,50.6789,156.125,26.73,92,88,10.45,RU,2021-02-15 03:32:25
116,Sortland,68.6949,15.4162,34.0,90,95,4.0,NO,2021-02-15 03:32:26
117,Bethel,41.3712,-73.414,32.0,69,40,3.44,US,2021-02-15 03:32:26
118,Kruisfontein,-34.0033,24.7314,68.0,82,93,8.99,ZA,2021-02-15 03:32:26
119,Mbanza-Ngungu,-5.25,14.8667,67.8,100,100,5.88,CD,2021-02-15 03:32:26
120,Hasaki,35.7333,140.8333,59.0,94,75,21.85,JP,2021-02-15 03:32:26
121,Padang,-0.9492,100.3543,86.0,74,20,3.44,ID,2021-02-15 03:32:26
122,Talcahuano,-36.7167,-73.1167,60.8,67,0,10.36,CL,2021-02-15 03:30:15
123,Carnarvon,-24.8667,113.6333,86.0,84,0,9.22,AU,2021-02-15 03:32:27
124,Kodiak,57.79,-152.4072,39.2,87,90,8.05,US,2021-02-15 03:32:27
125,Mayo,38.8876,-76.5119,36.0,80,90,3.44,US,2021-02-15 03:32:27
126,Vaini,-21.2,-175.2,86.0,70,20,6.91,TO,2021-02-15 03:32:27
127,Tyukhtet,56.5389,89.3011,13.01,96,100,8.95,RU,2021-02-15 03:32:27
128,Khatanga,71.9667,102.5,-35.34,82,53,0.6,RU,2021-02-15 03:32:28
129,Tuatapere,-46.1333,167.6833,60.01,71,82,14.0,NZ,2021-02-15 03:32:28
130,Cabo San Lucas,22.8909,-109.9124,64.99,77,20,14.97,MX,2021-02-15 03:30:16
131,Lunel,43.6778,4.1361,37.99,70,75,9.22,FR,2021-02-15 03:31:17
132,Porto Walter,-8.2686,-72.7439,74.21,95,47,1.57,BR,2021-02-15 03:32:28
133,Kyrksaeterora,63.2906,9.0891,32.0,40,0,29.93,NO,2021-02-15 03:32:28
134,Vanimo,-2.6741,141.3028,79.5,85,100,9.8,PG,2021-02-15 03:32:29
135,El Cobre,20.0489,-75.9469,77.0,83,20,1.14,CU,2021-02-15 03:32:29
136,Dzhebariki-Khaya,62.2167,135.8,-7.69,87,100,3.36,RU,2021-02-15 03:32:29
137,Codrington,-38.2667,141.9667,68.13,64,100,13.31,AU,2021-02-15 03:32:29
138,Alice Springs,-23.7,133.8833,87.8,18,0,14.97,AU,2021-02-15 03:32:29
139,Port-Cartier,50.0334,-66.8654,12.99,78,1,6.91,CA,2021-02-15 03:32:30
140,Saint-Philippe,-21.3585,55.7679,79.0,69,0,5.75,RE,2021-02-15 03:32:30
141,Boditi,6.9667,37.8667,57.52,46,0,5.46,ET,2021-02-15 03:32:30
142,Berlevag,70.8578,29.0864,24.21,92,84,6.64,NO,2021-02-15 03:32:30
143,Bambous Virieux,-20.3428,57.7575,79.0,88,40,4.61,MU,2021-02-15 03:32:30
144,Norman Wells,65.282,-126.8329,-9.4,77,75,5.35,CA,2021-02-15 03:32:30
145,Aitape,-3.1374,142.3475,80.91,84,100,15.7,PG,2021-02-15 03:32:31
146,Palm Coast,29.585,-81.2078,55.4,100,90,8.05,US,2021-02-15 03:30:54
147,Pavlovsk,50.4578,40.1081,7.86,94,22,7.9,RU,2021-02-15 03:32:31
148,Shubarshi,48.5872,57.1869,24.3,89,99,4.29,KZ,2021-02-15 03:32:31
149,Bengkulu,-3.8004,102.2655,86.86,61,1,6.22,ID,2021-02-15 03:31:25
150,Atambua,-9.1061,124.8925,81.43,72,93,4.38,ID,2021-02-15 03:27:46
151,Jasper,37.2001,-94.3502,1.4,71,90,14.97,US,2021-02-15 03:32:32
152,Mahebourg,-20.4081,57.7,75.2,88,40,4.61,MU,2021-02-15 03:32:32
153,Prainha,-1.8,-53.48,74.08,96,100,4.27,BR,2021-02-15 03:32:32
154,Ardatov,55.2421,43.097,-5.6,92,98,7.52,RU,2021-02-15 03:32:32
155,Tres Lagoas,-20.7511,-51.6783,73.09,87,91,2.73,BR,2021-02-15 03:30:57
156,Jiayuguan,39.8167,98.3,35.74,68,90,2.26,CN,2021-02-15 03:31:00
157,Nikolskoye,59.7035,30.7861,0.0,77,40,8.95,RU,2021-02-15 03:32:33
158,Tilichiki,60.4667,166.1,0.52,92,99,9.64,RU,2021-02-15 03:32:33
159,Arcachon,44.5875,-1.0519,42.8,87,0,8.05,FR,2021-02-15 03:32:33
160,Tinskoy,56.1525,96.9161,-4.59,88,38,3.47,RU,2021-02-15 03:32:33
161,Vidim,56.4088,103.1106,-10.37,85,9,1.68,RU,2021-02-15 03:32:34
162,Saint-Louis,16.3333,-15.0,77.0,23,0,2.3,SN,2021-02-15 03:32:34
163,Jiexiu,37.0244,111.9125,38.97,45,0,11.52,CN,2021-02-15 03:32:34
164,Kresttsy,58.2452,32.5165,-9.08,91,57,3.91,RU,2021-02-15 03:32:34
165,Port Elizabeth,-33.918,25.5701,68.0,83,40,25.32,ZA,2021-02-15 03:32:34
166,Khasan,42.4308,130.6434,22.89,95,100,19.22,RU,2021-02-15 03:32:34
167,Hofn,64.2539,-15.2082,41.7,94,100,9.04,IS,2021-02-15 03:32:34
168,Honningsvag,70.9821,25.9704,34.54,85,100,25.17,NO,2021-02-15 03:32:35
169,Andros Town,24.7,-77.7667,75.2,94,20,8.05,BS,2021-02-15 03:32:35
170,Cockburn Town,21.4612,-71.1419,77.52,77,0,25.21,TC,2021-02-15 03:32:35
171,Kpandae,8.4689,-0.0113,79.74,69,0,3.38,GH,2021-02-15 03:32:35
172,Buala,-8.145,159.5921,83.53,78,87,8.41,SB,2021-02-15 03:32:35
173,Cotacachi,0.3,-78.2667,53.6,94,75,2.3,EC,2021-02-15 03:32:36
174,Wilmington,34.2257,-77.9447,44.01,87,90,11.5,US,2021-02-15 03:29:49
175,Roald,62.5833,6.1333,39.2,45,90,13.8,NO,2021-02-15 03:32:36
176,Havre-Saint-Pierre,50.2334,-63.5986,-0.4,85,1,3.44,CA,2021-02-15 03:32:36
177,Pacific Grove,36.6177,-121.9166,54.0,71,90,5.75,US,2021-02-15 03:31:01
178,Aloleng,16.1307,119.7824,80.11,72,100,13.02,PH,2021-02-15 03:32:36
179,Duldurga,50.6761,113.5931,2.07,86,100,9.51,RU,2021-02-15 03:32:37
180,Karratha,-20.7377,116.8463,88.5,49,12,9.08,AU,2021-02-15 03:32:37
181,Miraflores,19.2167,-98.8083,60.8,27,1,9.22,MX,2021-02-15 03:32:37
182,Santa Cruz De La Palma,28.6835,-17.7642,63.0,82,0,9.22,ES,2021-02-15 03:32:37
183,East London,-33.0153,27.9116,68.0,100,90,18.41,ZA,2021-02-15 03:29:56
184,Henties Bay,-22.116,14.2845,63.27,86,15,5.32,NA,2021-02-15 03:28:02
185,Kuna,43.4918,-116.4201,32.0,100,90,8.05,US,2021-02-15 03:32:37
186,Mattoon,39.4831,-88.3728,1.99,85,90,13.8,US,2021-02-15 03:32:38
187,Katherine,-14.4667,132.2667,89.6,62,40,4.61,AU,2021-02-15 03:32:38
188,Saurimo,-9.6608,20.3916,65.3,88,100,2.62,AO,2021-02-15 03:32:38
189,Ponta Delgada,37.7333,-25.6667,60.8,77,75,27.63,PT,2021-02-15 03:32:38
190,Zhigalovo,54.8097,105.1578,-6.7,84,24,3.53,RU,2021-02-15 03:32:38
191,Nanortalik,60.1432,-45.2371,21.85,90,38,11.56,GL,2021-02-15 03:32:39
192,Reyes,-14.3167,-67.3833,71.33,96,95,1.36,BO,2021-02-15 03:32:39
193,Qaanaaq,77.484,-69.3632,-0.81,90,94,1.21,GL,2021-02-15 03:32:39
194,Hithadhoo,-0.6,73.0833,82.76,74,22,8.12,MV,2021-02-15 03:32:39
195,Alto Araguaia,-17.3147,-53.2153,69.46,92,100,3.53,BR,2021-02-15 03:32:39
196,Xining,36.6167,101.7667,30.18,80,100,1.32,CN,2021-02-15 03:32:39
197,Bom Jesus,-9.0744,-44.3586,74.79,74,100,2.28,BR,2021-02-15 03:32:40
198,New Norfolk,-42.7826,147.0587,64.99,65,99,1.99,AU,2021-02-15 03:32:40
199,Havelock,34.8791,-76.9013,42.8,93,90,16.11,US,2021-02-15 03:32:40
200,Tezu,27.9167,96.1667,79.05,26,12,3.42,IN,2021-02-15 03:32:41
201,Puerto Escondido,15.85,-97.0667,73.4,83,1,5.75,MX,2021-02-15 03:32:41
202,Alofi,-19.0595,-169.9187,84.2,74,75,9.22,NU,2021-02-15 03:32:41
203,Yarim,14.298,44.3779,50.81,44,94,3.74,YE,2021-02-15 03:32:42
204,Cienfuegos,22.1461,-80.4356,75.2,88,0,4.61,CU,2021-02-15 03:32:42
205,Trinidad,-14.8333,-64.9,74.39,95,98,3.06,BO,2021-02-15 03:32:42
206,Mareeba,-17.0,145.4333,91.0,70,85,8.05,AU,2021-02-15 03:32:43
207,Kampot,10.6167,104.1833,82.4,65,40,9.22,KH,2021-02-15 03:32:44
208,Clyde River,70.4692,-68.5914,-14.8,84,72,3.44,CA,2021-02-15 03:32:44
209,Domoni,-12.2569,44.5319,81.5,81,91,11.32,KM,2021-02-15 03:32:44
210,Pangody,65.85,74.4859,-17.57,88,100,21.77,RU,2021-02-15 03:32:44
211,Bodden Town,19.2833,-81.25,80.01,83,20,4.61,KY,2021-02-15 03:32:44
212,Spirit River,55.7833,-118.8361,-16.6,76,100,6.91,CA,2021-02-15 03:32:45
213,Kaeo,-35.1,173.7833,72.0,97,91,11.99,NZ,2021-02-15 03:32:45
214,Los Llanos De Aridane,28.6585,-17.9182,63.0,82,0,9.22,ES,2021-02-15 03:32:45
215,College,64.8569,-147.8028,-0.99,84,1,1.5,US,2021-02-15 03:32:31
216,Faanui,-16.4833,-151.75,82.17,72,73,8.97,PF,2021-02-15 03:32:46
217,Te Anau,-45.4167,167.7167,65.3,57,4,7.54,NZ,2021-02-15 03:32:46
218,Khandyga,62.6667,135.6,-8.45,87,99,2.46,RU,2021-02-15 03:32:46
219,Nazarovo,56.0064,90.3914,12.2,96,100,8.68,RU,2021-02-15 03:32:46
220,Hirara,24.8,125.2833,75.2,56,40,16.11,JP,2021-02-15 03:32:46
221,Saskylakh,71.9167,114.0833,-20.22,85,100,14.52,RU,2021-02-15 03:32:46
222,Pechora,65.1472,57.2244,-13.43,90,100,3.24,RU,2021-02-15 03:32:47
223,Evinayong,1.4368,10.5512,68.54,99,100,2.77,GQ,2021-02-15 03:32:47
224,Centerville,39.6284,-84.1594,19.99,73,90,14.97,US,2021-02-15 03:31:41
225,Butaritari,3.0707,172.7902,79.88,78,95,19.15,KI,2021-02-15 03:32:47
226,Bontang,0.1333,117.5,83.25,68,100,6.93,ID,2021-02-15 03:32:47
227,Stara Vyzhivka,51.4376,24.44,16.88,97,80,8.61,UA,2021-02-15 03:32:47
228,Paciran,-6.8767,112.3761,83.59,74,79,8.5,ID,2021-02-15 03:32:48
229,Carauari,-4.8828,-66.8958,73.26,98,95,2.39,BR,2021-02-15 03:32:48
230,Shaunavon,49.6501,-108.4181,-13.0,77,99,18.41,CA,2021-02-15 03:32:48
231,Halifax,44.6453,-63.5724,28.4,86,94,2.3,CA,2021-02-15 03:32:48
232,Pierre,44.3683,-100.351,-11.2,64,1,6.91,US,2021-02-15 03:32:48
233,Isangel,-19.55,169.2667,86.0,84,75,3.74,VU,2021-02-15 03:32:48
234,Abnub,27.2696,31.1511,48.2,76,0,4.32,EG,2021-02-15 03:32:49
235,Krylovskaya,46.3194,39.9711,28.0,91,100,5.41,RU,2021-02-15 03:32:49
236,Alta Floresta,-9.8756,-56.0861,75.2,100,75,2.3,BR,2021-02-15 03:32:49
237,Oranjemund,-28.55,16.4333,62.33,81,0,10.29,NA,2021-02-15 03:32:49
238,Bandarbeyla,9.4942,50.8122,74.07,71,17,7.94,SO,2021-02-15 03:32:49
239,Chanika,-5.4167,38.0167,69.84,87,82,2.8,TZ,2021-02-15 03:32:49
240,Maragogi,-9.0122,-35.2225,77.74,86,83,8.3,BR,2021-02-15 03:32:49
241,Gayny,60.3071,54.3241,-1.3,93,100,4.34,RU,2021-02-15 03:32:50
242,Port Blair,11.6667,92.75,82.08,70,12,8.72,IN,2021-02-15 03:32:50
243,Zheleznodorozhnyy,55.7503,38.0042,-0.4,85,0,13.42,RU,2021-02-15 03:32:50
244,Puerto Colombia,10.9878,-74.9547,80.6,83,20,9.22,CO,2021-02-15 03:32:50
245,Kemijarvi,66.7131,27.4306,11.17,95,100,8.63,FI,2021-02-15 03:32:50
246,Pionerskiy,54.9508,20.2275,28.99,93,75,4.47,RU,2021-02-15 03:32:50
247,Puerto Del Rosario,28.5004,-13.8627,62.6,88,90,6.91,ES,2021-02-15 03:32:51
248,Ribeira Brava,32.65,-17.0667,57.2,82,20,3.44,PT,2021-02-15 03:32:51
249,Nalut,30.3333,10.85,39.58,74,3,12.28,LY,2021-02-15 03:32:51
250,Madera,37.1666,-119.8343,46.99,75,63,2.91,US,2021-02-15 03:32:51
251,Santiago Del Estero,-27.7951,-64.2615,77.0,67,4,1.99,AR,2021-02-15 03:32:51
252,Talara,-4.5772,-81.2719,74.28,82,53,9.82,PE,2021-02-15 03:32:51
253,Ketchikan,55.3422,-131.6461,33.8,100,90,5.17,US,2021-02-15 03:29:10
254,Rock Sound,24.9,-76.2,76.32,83,0,14.47,BS,2021-02-15 03:32:52
255,Chuy,-33.6971,-53.4616,68.4,91,100,2.44,UY,2021-02-15 03:32:52
256,Haines Junction,60.7522,-137.5108,-20.2,76,9,0.4,CA,2021-02-15 03:32:53
257,Nuuk,64.1835,-51.7216,14.0,85,90,3.44,GL,2021-02-15 03:32:53
258,Vila Velha,-20.3297,-40.2925,78.8,73,40,8.05,BR,2021-02-15 03:32:53
259,Narsaq,60.9167,-46.05,28.4,86,75,5.75,GL,2021-02-15 03:32:53
260,Tabligbo,6.5833,1.5,82.4,83,40,8.05,TG,2021-02-15 03:32:53
261,Grand Gaube,-20.0064,57.6608,79.0,80,93,1.01,MU,2021-02-15 03:32:53
262,Akyab,20.15,92.9,75.38,41,0,6.22,MM,2021-02-15 03:32:54
263,Batsfjord,70.6345,29.7185,21.2,86,75,12.66,NO,2021-02-15 03:32:54
264,Diffa,13.3154,12.6113,69.06,22,0,9.35,NE,2021-02-15 03:32:54
265,Roma,43.2128,-75.4557,21.2,79,90,3.44,US,2021-02-15 03:32:54
266,Atkarsk,51.8718,45.0078,-8.84,90,25,7.0,RU,2021-02-15 03:32:54
267,Gillette,44.2911,-105.5022,-6.0,71,90,25.32,US,2021-02-15 03:32:54
268,Kalangala,-0.3089,32.225,74.75,73,84,11.9,UG,2021-02-15 03:32:55
269,Marzuq,14.4,46.4667,60.35,41,57,2.48,YE,2021-02-15 03:32:55
270,San Rafael,-34.6177,-68.3301,72.09,36,95,7.76,AR,2021-02-15 03:32:55
271,La Palma,33.8464,-118.0467,62.01,51,1,3.44,US,2021-02-15 03:32:55
272,Voyinka,45.8699,33.9914,19.24,95,26,4.68,UA,2021-02-15 03:32:56
273,San Quintin,30.4833,-115.95,57.42,74,77,16.58,MX,2021-02-15 03:28:06
274,Murray Bridge,-35.1167,139.2667,82.0,40,0,1.99,AU,2021-02-15 03:32:56
275,Oistins,13.0667,-59.5333,78.8,65,20,23.02,BB,2021-02-15 03:32:56
276,Lagoa,39.05,-27.9833,53.04,64,86,32.75,PT,2021-02-15 03:32:57
277,Kilinochchi,9.3961,80.3982,80.6,71,79,7.27,LK,2021-02-15 03:32:57
278,Chodavaram,17.8333,82.95,75.2,69,20,4.61,IN,2021-02-15 03:32:57
279,Madras,13.0878,80.2785,77.0,78,20,2.3,IN,2021-02-15 03:28:29
280,Muros,42.7762,-9.0603,57.99,65,79,11.99,ES,2021-02-15 03:32:57
281,Saint-Augustin,51.226,-58.6502,3.18,90,94,7.92,CA,2021-02-15 03:32:57
282,Surt,31.2089,16.5887,56.28,84,100,12.59,LY,2021-02-15 03:32:58
283,Tura,25.5198,90.2201,76.66,30,0,3.2,IN,2021-02-15 03:32:58
284,Nouadhibou,20.931,-17.0347,62.6,77,0,16.11,MR,2021-02-15 03:32:58
285,Upington,-28.4478,21.2561,60.8,67,0,12.66,ZA,2021-02-15 03:32:58
286,Dukat,62.55,155.55,-22.61,84,8,2.84,RU,2021-02-15 03:32:58
287,Mount Isa,-20.7333,139.5,91.4,46,40,5.75,AU,2021-02-15 03:32:58
288,Gorontalo,0.5412,123.0595,86.77,64,99,5.95,ID,2021-02-15 03:32:58
289,Muisne,0.6,-80.0333,77.25,84,65,4.76,EC,2021-02-15 03:32:59
290,Khor,47.8861,134.9464,6.49,90,100,3.42,RU,2021-02-15 03:32:59
291,Lorengau,-2.0226,147.2712,83.62,74,100,5.5,PG,2021-02-15 03:32:59
292,Sudislavl,57.8817,41.7083,-9.99,89,99,7.81,RU,2021-02-15 03:33:00
293,Muscat,23.6139,58.5922,62.6,72,0,4.61,OM,2021-02-15 03:33:00
294,Wadena,46.4425,-95.1361,-18.4,69,1,3.44,US,2021-02-15 03:33:00
295,Kralendijk,12.15,-68.2667,78.8,78,20,17.27,BQ,2021-02-15 03:33:00
296,Chaozhou,23.6651,116.6379,75.2,35,0,4.47,CN,2021-02-15 03:33:00
297,Normandin,48.8333,-72.5321,12.2,78,75,4.41,CA,2021-02-15 03:33:01
298,Lata,40.1629,-8.3327,57.0,89,91,4.63,PT,2021-02-15 03:33:01
299,Shakhtinsk,49.71,72.5872,19.4,79,0,20.13,KZ,2021-02-15 03:33:01
300,Mecca,21.4267,39.8261,74.17,58,0,2.28,SA,2021-02-15 03:30:01
301,Uzhur,55.3036,89.8339,14.18,96,100,7.23,RU,2021-02-15 03:33:02
302,Nhulunbuy,-12.2333,136.7667,86.0,74,40,14.97,AU,2021-02-15 03:33:03
303,Qasigiannguit,68.8193,-51.1922,8.6,61,90,11.5,GL,2021-02-15 03:33:03
304,Kazanskaya,45.4106,40.4361,28.0,91,100,6.85,RU,2021-02-15 03:33:04
305,Kloulklubed,7.0419,134.2556,80.6,78,90,9.22,PW,2021-02-15 03:33:04
306,Oyama,36.3,139.8,59.0,94,90,16.11,JP,2021-02-15 03:33:04
307,Cayeli,41.0923,40.7292,47.23,72,98,4.45,TR,2021-02-15 03:33:04
308,Bogoslovka,53.2084,44.8013,-8.0,91,84,7.2,RU,2021-02-15 03:33:05
309,Nizhniy Tsasuchey,50.5167,115.1333,-1.61,89,100,8.12,RU,2021-02-15 03:33:05
310,Santa Maria,-29.6842,-53.8069,69.8,88,0,2.3,BR,2021-02-15 03:33:05
311,Avera,33.194,-82.5271,42.8,96,90,4.61,US,2021-02-15 03:33:05
312,Poronaysk,49.2167,143.1167,18.82,90,45,4.94,RU,2021-02-15 03:33:05
313,Bara,10.3744,10.7288,66.52,26,0,5.28,NG,2021-02-15 03:33:05
314,Udachnyy,66.4167,112.4,-24.56,83,100,13.85,RU,2021-02-15 03:31:25
315,Sechura,-5.5569,-80.8222,76.98,66,68,11.39,PE,2021-02-15 03:33:06
316,Rocha,-34.4833,-54.3333,66.94,92,95,2.71,UY,2021-02-15 03:28:26
317,Mayumba,-3.432,10.6554,79.5,84,100,6.46,GA,2021-02-15 03:33:06
318,Quelimane,-17.8786,36.8883,73.4,94,75,5.75,MZ,2021-02-15 03:32:08
319,Tkibuli,42.3477,42.9981,39.2,93,75,2.3,GE,2021-02-15 03:33:06
320,Leningradskiy,69.3833,178.4167,-14.17,85,0,5.3,RU,2021-02-15 03:33:06
321,Bulawayo,-20.15,28.5833,62.82,97,85,3.94,ZW,2021-02-15 03:32:26
322,Tahoua,14.8888,5.2692,71.6,18,0,2.3,NE,2021-02-15 03:33:07
323,Jacqueville,5.2052,-4.4146,80.6,100,20,4.61,CI,2021-02-15 03:33:07
324,Saldanha,-33.0117,17.9442,60.8,67,0,4.61,ZA,2021-02-15 03:33:07
325,Saint George,37.1041,-113.5841,44.6,36,1,11.5,US,2021-02-15 03:33:07
326,Yatsushiro,32.5,130.6,59.0,67,40,13.8,JP,2021-02-15 03:30:42
327,Tiznit,29.5833,-9.5,60.31,31,0,9.33,MA,2021-02-15 03:33:08
328,Puerto Baquerizo Moreno,-0.9,-89.6,77.9,85,93,10.42,EC,2021-02-15 03:28:29
329,Stokmarknes,68.5646,14.9108,34.0,90,98,4.0,NO,2021-02-15 03:33:08
330,Luena,-11.7833,19.9167,58.73,75,69,3.06,AO,2021-02-15 03:30:25
331,Davila,18.4726,120.5763,80.6,65,20,6.91,PH,2021-02-15 03:33:08
332,Flinders,-34.5833,150.8552,72.0,49,75,19.57,AU,2021-02-15 03:33:09
333,Port Augusta,-32.5,137.7667,91.99,28,0,9.22,AU,2021-02-15 03:33:09
334,Sitka,57.0531,-135.33,33.8,55,90,6.91,US,2021-02-15 03:33:09
335,Goderich,43.7501,-81.7165,19.4,73,100,3.44,CA,2021-02-15 03:33:09
336,Vilhena,-12.7406,-60.1458,68.86,91,100,3.67,BR,2021-02-15 03:33:09
337,Chokurdakh,70.6333,147.9167,-7.96,91,100,11.01,RU,2021-02-15 03:33:09
338,Naze,28.3667,129.4833,68.0,64,20,19.57,JP,2021-02-15 03:33:09
339,Asfi,32.2994,-9.2372,62.62,71,0,1.34,MA,2021-02-15 03:33:10
340,Fukue,32.6881,128.8419,53.6,76,75,21.85,JP,2021-02-15 03:33:10
341,Genhe,50.7833,121.5167,-5.55,82,52,4.97,CN,2021-02-15 03:33:10
342,Hay River,60.8156,-115.7999,3.2,60,0,8.05,CA,2021-02-15 03:33:10
343,Guerrero Negro,27.9769,-114.0611,57.87,75,38,14.7,MX,2021-02-15 03:33:10
344,Saint-Pierre,-21.3393,55.4781,79.0,69,0,5.75,RE,2021-02-15 03:33:10
345,Marienburg,54.0359,19.0266,25.0,84,39,3.0,PL,2021-02-15 03:33:11
346,Sassandra,4.95,-6.0833,76.68,94,85,5.48,CI,2021-02-15 03:33:11
347,Farrukhnagar,17.0778,78.2011,75.2,57,6,3.44,IN,2021-02-15 03:30:01
348,Atar,20.5169,-13.0499,64.9,27,0,10.09,MR,2021-02-15 03:33:11
349,Taltal,-25.4,-70.4833,65.62,77,17,1.61,CL,2021-02-15 03:33:11
350,Rognan,67.0953,15.3878,33.8,75,75,5.75,NO,2021-02-15 03:33:11
351,Chapais,49.7834,-74.8492,6.8,85,90,3.44,CA,2021-02-15 03:33:11
352,Segezha,63.7415,34.3222,-9.2,91,41,5.14,RU,2021-02-15 03:33:12
353,Kiama,-34.6833,150.8667,72.0,49,75,19.57,AU,2021-02-15 03:30:57
354,Spokoynaya,44.2468,41.4015,23.94,96,100,5.17,RU,2021-02-15 03:33:12
355,Iqaluit,63.7506,-68.5145,-2.2,71,90,9.22,CA,2021-02-15 03:33:12
356,Longyearbyen,78.2186,15.6401,19.4,73,75,8.05,SJ,2021-02-15 03:33:13
357,Talnakh,69.4865,88.3972,-30.05,81,15,7.83,RU,2021-02-15 03:33:13
358,Xinqing,48.2333,129.5,3.74,81,94,6.26,CN,2021-02-15 03:33:13
359,Baghdad,33.3406,44.4009,50.0,76,0,3.44,IQ,2021-02-15 03:33:13
360,Vrangel,42.7297,133.0839,27.93,97,100,10.07,RU,2021-02-15 03:33:13
361,Matara,5.9485,80.5353,83.61,70,82,3.6,LK,2021-02-15 03:33:13
362,Rudbar,30.15,62.6,57.33,34,0,7.11,AF,2021-02-15 03:30:22
363,Nowa Sol,51.8033,15.717,19.0,87,66,4.12,PL,2021-02-15 03:33:14
364,Kaka,37.3482,59.6143,52.05,45,0,5.61,TM,2021-02-15 03:32:27
365,Kuybyshevo,47.8123,38.9073,16.61,90,1,3.62,RU,2021-02-15 03:33:14
366,Polunochnoye,60.8697,60.4153,-24.47,87,53,3.71,RU,2021-02-15 03:33:14
367,Chunskiy,56.0815,99.6342,-8.93,87,8,1.57,RU,2021-02-15 03:33:15
368,Benguela,-12.5763,13.4055,71.91,77,79,4.36,AO,2021-02-15 03:33:15
369,Soyo,-6.1349,12.3689,79.57,81,100,7.45,AO,2021-02-15 03:33:15
370,Harper,4.375,-7.7169,78.08,90,71,5.21,LR,2021-02-15 03:33:15
371,Tonota,-21.4833,27.4833,69.57,82,41,2.75,BW,2021-02-15 03:33:15
372,Kavieng,-2.5744,150.7967,85.06,71,5,9.48,PG,2021-02-15 03:33:15
373,Dubti,11.7361,41.0853,72.23,41,0,6.04,ET,2021-02-15 03:33:16
374,Turukhansk,65.8167,87.9833,-23.53,79,64,15.64,RU,2021-02-15 03:33:16
375,Vostok,46.4856,135.8833,14.11,96,100,5.7,RU,2021-02-15 03:33:16
376,Bedesa,8.9,40.7833,61.45,37,0,0.83,ET,2021-02-15 03:33:17
377,Fortuna,40.5982,-124.1573,48.99,100,90,16.11,US,2021-02-15 03:33:17
378,Altay,47.8667,88.1167,20.37,81,0,0.83,CN,2021-02-15 03:33:17
379,Sorland,67.667,12.6934,35.35,84,6,7.47,NO,2021-02-15 03:33:17
380,Hope,33.6671,-93.5916,21.0,71,100,5.01,US,2021-02-15 03:30:09
381,Alyangula,-13.8483,136.4192,89.6,62,69,11.5,AU,2021-02-15 03:33:18
382,Hami,42.8,93.45,37.31,65,24,2.64,CN,2021-02-15 03:31:00
383,Ambilobe,-13.2,49.05,75.31,91,100,2.08,MG,2021-02-15 03:33:18
384,Beringovskiy,63.05,179.3167,-1.93,87,77,19.55,RU,2021-02-15 03:33:18
385,Quthing,-30.4,27.7003,62.33,79,24,1.16,LS,2021-02-15 03:33:18
386,Belaya Gora,68.5333,146.4167,-17.7,88,96,7.9,RU,2021-02-15 03:33:18
387,Elizabeth City,36.2946,-76.2511,39.2,93,90,18.41,US,2021-02-15 03:33:19
388,Baherden,38.4362,57.4316,53.08,43,82,3.47,TM,2021-02-15 03:33:19
389,Birin,26.8865,88.0718,61.2,50,2,4.41,NP,2021-02-15 03:33:19
390,Tumpat,6.1978,102.171,84.2,65,20,5.75,MY,2021-02-15 03:33:19
391,Fernley,39.608,-119.2518,43.0,66,100,7.0,US,2021-02-15 03:33:19
392,Kirakira,-10.4544,161.9205,84.72,76,22,11.63,SB,2021-02-15 03:33:19
393,Tarko-Sale,64.9225,77.785,-11.99,79,100,26.49,RU,2021-02-15 03:33:19
394,Olafsvik,64.8945,-23.7142,40.44,80,100,10.33,IS,2021-02-15 03:33:20
395,Aktau,43.65,51.2,37.4,87,75,6.71,KZ,2021-02-15 03:33:20
396,Boa Vista,2.8197,-60.6733,80.6,69,40,11.5,BR,2021-02-15 03:33:20
397,Cherskiy,68.75,161.3,-4.77,91,94,2.46,RU,2021-02-15 03:33:20
398,Charleville-Mezieres,49.7667,4.7167,33.01,92,97,11.99,FR,2021-02-15 03:33:21
399,Bardiyah,31.7561,25.0865,56.55,81,19,17.2,LY,2021-02-15 03:33:21
400,Pasuquin,18.3328,120.6177,80.6,65,20,6.91,PH,2021-02-15 03:33:21
401,Orocue,4.7912,-71.3354,80.83,64,70,6.02,CO,2021-02-15 03:33:22
402,Portland,45.5234,-122.6762,33.01,93,90,17.27,US,2021-02-15 03:33:07
403,Rio Grande,-32.035,-52.0986,68.0,97,100,3.22,BR,2021-02-15 03:33:22
404,Pravia,43.4906,-6.1508,57.0,71,0,4.61,ES,2021-02-15 03:33:23
405,Baykit,61.67,96.37,-21.68,79,0,2.01,RU,2021-02-15 03:33:23
406,Tiksi,71.6872,128.8694,-16.94,89,99,5.95,RU,2021-02-15 03:33:24
407,Buzmeyin,38.0507,58.2056,37.4,93,24,4.61,TM,2021-02-15 03:33:24
408,Safaga,26.7292,33.9365,60.8,59,0,12.66,EG,2021-02-15 03:33:24
409,Ca Mau,9.1769,105.15,85.96,49,31,7.58,VN,2021-02-15 03:33:24
410,Agirish,61.9247,63.0231,-16.19,89,94,5.64,RU,2021-02-15 03:33:24
411,Fredericton,45.9454,-66.6656,12.99,85,1,4.61,CA,2021-02-15 03:33:25
412,Mahajanga,-15.7167,46.3167,73.4,94,20,5.75,MG,2021-02-15 03:33:25
413,Sabang,5.8933,95.3214,83.43,74,1,17.85,ID,2021-02-15 03:33:25
414,Mercedes,-34.6515,-59.4307,72.0,90,33,1.99,AR,2021-02-15 03:33:25
415,Mandera,3.9366,41.867,72.75,71,0,4.43,KE,2021-02-15 03:33:25
416,Yuncheng,35.0231,110.9928,46.58,39,100,7.67,CN,2021-02-15 03:33:26
417,Damietta,31.4165,31.8133,57.2,67,0,5.19,EG,2021-02-15 03:33:26
418,Srednekolymsk,67.45,153.6833,-18.31,86,32,9.24,RU,2021-02-15 03:33:26
419,Sri Aman,1.2376,111.4621,82.4,78,40,2.3,MY,2021-02-15 03:33:26
420,Kidal,18.4411,1.4078,71.04,18,3,9.71,ML,2021-02-15 03:33:26
421,Nyzhni Sirohozy,46.8484,34.3804,17.91,96,58,4.59,UA,2021-02-15 03:33:26
422,Ulyanovka,59.6394,30.7647,0.0,77,40,8.95,RU,2021-02-15 03:33:26
423,Jacareacanga,-6.2222,-57.7528,72.73,97,100,0.43,BR,2021-02-15 03:33:27
424,Bureya,49.8133,129.8131,-1.35,88,94,5.97,RU,2021-02-15 03:33:27
425,Dayong,25.0209,118.2898,71.6,40,0,4.47,CN,2021-02-15 03:33:27
426,Ginda,30.6945,78.4932,57.99,31,95,0.76,IN,2021-02-15 03:33:27
427,Bathsheba,13.2167,-59.5167,78.8,65,20,23.02,BB,2021-02-15 03:33:27
428,Acarau,-2.8856,-40.12,79.27,84,100,7.83,BR,2021-02-15 03:33:27
429,Gushikawa,26.3544,127.8686,71.6,53,40,17.27,JP,2021-02-15 03:33:28
430,Syedove,47.0768,38.156,15.01,53,33,8.99,UA,2021-02-15 03:33:28
431,Maceio,-9.6658,-35.7353,75.2,94,0,2.3,BR,2021-02-15 03:33:17
432,Huron,41.1501,-82.5499,15.01,88,97,6.93,US,2021-02-15 03:33:28
433,Mersing,2.4312,103.8405,84.2,70,20,9.22,MY,2021-02-15 03:33:28
434,Nombre De Dios,23.85,-104.2333,48.0,60,61,10.0,MX,2021-02-15 03:33:29
435,Najran,17.4924,44.1277,55.4,35,0,1.43,SA,2021-02-15 03:33:29
436,Eravur,7.7733,81.6095,81.25,70,83,7.25,LK,2021-02-15 03:33:29
437,Mindelo,16.8901,-24.9804,68.0,77,20,20.71,CV,2021-02-15 03:33:29
438,Panguiranan,12.0699,123.3185,81.05,74,100,9.53,PH,2021-02-15 03:33:29
439,Tsiroanomandidy,-18.7667,46.0333,66.72,94,100,3.62,MG,2021-02-15 03:33:30
440,Honiara,-9.4333,159.95,85.05,71,84,7.56,SB,2021-02-15 03:33:30
441,Tororo,0.693,34.1809,67.5,68,17,5.99,UG,2021-02-15 03:33:30
442,Yerbogachen,61.2767,108.0108,-26.54,82,8,3.8,RU,2021-02-15 03:33:30
443,Marshall,34.3834,-86.3333,35.01,100,90,4.61,US,2021-02-15 03:31:04
444,Pecos,31.4229,-103.4932,12.2,67,90,4.61,US,2021-02-15 03:33:31
445,Geraldton,-28.7667,114.6,84.2,58,0,12.66,AU,2021-02-15 03:33:31
446,Vao,-22.6667,167.4833,80.04,75,44,6.87,NC,2021-02-15 03:33:31
447,Yermolino,55.1949,36.5951,-0.4,78,20,11.18,RU,2021-02-15 03:33:31
448,Chitral,35.8462,71.7858,41.23,48,14,7.74,PK,2021-02-15 03:31:24
449,Mayna,54.1135,47.6231,-9.71,92,44,7.92,RU,2021-02-15 03:33:31
450,Falmouth,50.1544,-5.0711,48.2,100,75,12.66,GB,2021-02-15 03:33:31
451,Yermolayevo,52.7167,55.8,-1.97,93,91,6.69,RU,2021-02-15 03:33:32
452,Rawson,-43.3002,-65.1023,58.1,64,31,15.95,AR,2021-02-15 03:33:32
453,Kungurtug,50.5994,97.5228,16.16,92,100,1.72,RU,2021-02-15 03:33:32
454,Tambovka,50.0969,128.0489,-4.0,59,0,6.71,RU,2021-02-15 03:33:32
455,Kodumudi,11.0775,77.8836,79.52,59,83,0.22,IN,2021-02-15 03:33:32
456,Daoukro,7.0591,-3.9631,72.73,97,30,3.31,CI,2021-02-15 03:33:33
457,Coihaique,-45.5752,-72.0662,50.0,66,0,4.61,CL,2021-02-15 03:33:33
458,Itoman,26.1247,127.6694,71.01,60,40,20.71,JP,2021-02-15 03:33:33
459,Salta,-24.7859,-65.4117,68.0,88,40,3.44,AR,2021-02-15 03:32:44
460,Marsh Harbour,26.5412,-77.0636,75.74,86,0,15.32,BS,2021-02-15 03:33:33
461,Eyl,7.9803,49.8164,70.75,83,71,11.88,SO,2021-02-15 03:29:07
462,Sao Filipe,14.8961,-24.4956,70.02,77,68,7.09,CV,2021-02-15 03:33:34
463,Camabatela,-8.1881,15.375,63.57,89,89,2.73,AO,2021-02-15 03:33:34
464,Seymchan,62.8833,152.4333,-19.61,83,28,1.74,RU,2021-02-15 03:33:34
465,Tokoroa,-38.2333,175.8667,66.0,97,100,6.51,NZ,2021-02-15 03:33:34
466,Auki,-8.7676,160.7034,85.1,68,44,7.0,SB,2021-02-15 03:33:34
467,Cayenne,4.9333,-52.3333,78.8,78,75,11.5,GF,2021-02-15 03:33:34
468,Varca,15.2167,73.9167,77.0,78,43,2.3,IN,2021-02-15 03:33:34
469,Kaohsiung,22.6163,120.3133,75.2,64,20,9.22,TW,2021-02-15 03:33:35
470,Caala,-12.8525,15.5606,52.68,79,84,1.77,AO,2021-02-15 03:33:35
471,Binga,-17.6203,27.3414,70.95,89,90,3.06,ZW,2021-02-15 03:33:35
472,Banswara,23.55,74.45,75.67,19,2,0.56,IN,2021-02-15 03:33:35
473,Fairbanks,64.8378,-147.7164,-0.99,84,1,1.25,US,2021-02-15 03:30:31
474,Coahuayana,18.7333,-103.6833,63.82,81,27,2.01,MX,2021-02-15 03:33:35
475,Careiro Da Varzea,-3.2003,-59.8119,75.2,100,75,1.14,BR,2021-02-15 03:33:36
476,Arkhangelsk,64.5401,40.5433,-13.0,77,40,2.24,RU,2021-02-15 03:33:36
477,Souillac,-20.5167,57.5167,75.2,88,40,4.61,MU,2021-02-15 03:33:36
478,Rassvet,46.8333,40.75,19.24,85,100,5.23,RU,2021-02-15 03:33:36
479,Praia,14.9215,-23.5087,71.6,56,20,20.71,CV,2021-02-15 03:33:36
480,Dresden,51.0509,13.7383,14.0,92,0,3.44,DE,2021-02-15 03:29:51
481,Bereda,43.2686,-7.5406,59.0,55,0,12.66,ES,2021-02-15 03:33:37
482,Richards Bay,-28.783,32.0377,75.33,94,100,2.13,ZA,2021-02-15 03:33:37
483,Bossangoa,6.4926,17.4552,70.61,29,91,0.31,CF,2021-02-15 03:33:37
484,Vardo,70.3705,31.1107,21.2,86,75,12.66,NO,2021-02-15 03:33:37
485,Moengo,5.6167,-54.4,73.17,88,100,3.51,SR,2021-02-15 03:33:37
486,Neepawa,50.2289,-99.4664,-16.6,69,1,11.5,CA,2021-02-15 03:33:38
487,Erenhot,43.6475,111.9767,19.58,87,100,21.03,CN,2021-02-15 03:33:38
488,Nome,64.5011,-165.4064,24.8,46,90,3.44,US,2021-02-15 03:33:38
489,Yulara,-25.2406,130.9889,91.4,18,21,13.8,AU,2021-02-15 03:33:38
490,Yamasaki,35.0,134.55,53.6,100,75,9.22,JP,2021-02-15 03:33:38
491,Santa Adelia,-21.2428,-48.8042,70.38,89,99,6.85,BR,2021-02-15 03:33:38
492,Wapakoneta,40.5678,-84.1936,17.6,73,75,10.36,US,2021-02-15 03:31:11
493,La Ronge,55.1001,-105.2842,-16.6,83,0,2.3,CA,2021-02-15 03:33:39
494,Necochea,-38.5473,-58.7368,66.0,90,77,11.99,AR,2021-02-15 03:33:39
495,Banjar,-8.19,114.9675,86.0,74,20,10.36,ID,2021-02-15 03:33:39
496,Mbaiki,3.8678,17.9892,71.58,61,100,2.42,CF,2021-02-15 03:33:39
497,Piacabucu,-10.4056,-36.4344,76.44,82,3,7.27,BR,2021-02-15 03:33:39
498,San Vicente De Canete,-13.0751,-76.3835,70.84,82,0,0.94,PE,2021-02-15 03:33:39
499,Saint-Georges,12.0564,-61.7485,78.8,78,20,16.11,GD,2021-02-15 03:33:40
500,Chiang Kham,19.5233,100.3,71.6,78,0,2.3,TH,2021-02-15 03:33:40
501,Makhinjauri,41.6739,41.694,46.4,81,75,1.14,GE,2021-02-15 03:33:40
502,Faya,18.3851,42.4509,57.2,58,0,11.5,SA,2021-02-15 03:33:40
503,Kalyazin,57.2403,37.8433,-14.3,89,5,7.49,RU,2021-02-15 03:33:40
504,Goundam,16.4145,-3.6708,76.68,16,59,8.25,ML,2021-02-15 03:33:40
505,Zinder,13.8072,8.9881,68.36,22,0,9.75,NE,2021-02-15 03:33:41
506,Le Port,-20.9373,55.2919,78.8,73,0,8.05,RE,2021-02-15 03:33:41
507,Port Lincoln,-34.7333,135.8667,71.98,57,0,9.06,AU,2021-02-15 03:33:41
508,Prince Rupert,54.3161,-130.3201,35.6,93,90,7.85,CA,2021-02-15 03:33:42
509,Itanagar,27.1,93.6167,66.2,82,75,4.21,IN,2021-02-15 03:33:42
510,Shashi,30.3072,112.2447,60.12,48,100,17.85,CN,2021-02-15 03:33:43
511,Sur,22.5667,59.5289,73.2,66,0,7.63,OM,2021-02-15 03:33:43
512,Menfi,37.6066,12.9678,35.01,77,5,13.0,IT,2021-02-15 03:33:43
513,Mandiana,10.6333,-8.6833,77.23,32,51,3.85,GN,2021-02-15 03:33:44
514,Martil,35.6166,-5.2752,59.0,88,21,18.41,MA,2021-02-15 03:33:44
515,Ossora,59.2353,163.0719,9.43,94,99,5.28,RU,2021-02-15 03:33:44
516,Nuoro,40.3211,9.3297,42.8,45,75,31.07,IT,2021-02-15 03:33:44
517,Doume,4.2333,13.45,68.86,89,84,3.42,CM,2021-02-15 03:33:45
518,Golyshmanovo,56.3979,68.3728,14.88,96,51,15.41,RU,2021-02-15 03:33:45
519,Meulaboh,4.1363,96.1285,86.29,64,93,3.29,ID,2021-02-15 03:33:45
520,Celestun,20.8667,-90.4,72.88,81,0,10.54,MX,2021-02-15 03:33:45
521,Karpogory,64.0019,44.4451,-18.53,88,56,5.59,RU,2021-02-15 03:33:45
522,Troitskoye,52.9821,84.6757,18.81,94,100,6.15,RU,2021-02-15 03:33:45
523,Lavrentiya,65.5833,-171.0,-12.06,84,0,13.02,RU,2021-02-15 03:33:46
524,Ust-Kuyga,70.0167,135.6,-8.77,89,100,7.18,RU,2021-02-15 03:33:46
525,Cristobal Obregon,16.35,-93.5333,75.2,20,20,10.36,MX,2021-02-15 03:33:46
526,Grindavik,63.8424,-22.4338,39.2,100,75,10.36,IS,2021-02-15 03:33:47
527,Amapa,1.0,-52.0,71.26,98,100,2.13,BR,2021-02-15 03:33:48
528,Vangaindrano,-23.35,47.6,75.2,87,97,1.77,MG,2021-02-15 03:33:48
529,Cabedelo,-6.9811,-34.8339,78.8,89,20,5.75,BR,2021-02-15 03:33:48
530,Paulo Afonso,-9.4061,-38.2147,72.63,82,18,7.23,BR,2021-02-15 03:33:48
531,Terra Roxa,-23.8557,-50.0314,66.0,99,78,1.99,BR,2021-02-15 03:33:48
532,Churapcha,62.0025,132.4325,-12.32,86,100,4.74,RU,2021-02-15 03:33:49
533,Kimbe,-5.5502,150.1429,84.99,72,37,5.37,PG,2021-02-15 03:33:49
534,Okhotsk,59.3833,143.3,6.37,89,100,5.28,RU,2021-02-15 03:33:49
535,Barra Do Garcas,-15.89,-52.2567,71.98,91,100,0.98,BR,2021-02-15 03:33:49
536,Mollendo,-17.0231,-72.0147,71.55,76,21,5.84,PE,2021-02-15 03:33:49
537,Port Hedland,-20.3167,118.5667,93.2,43,72,8.05,AU,2021-02-15 03:33:49
538,Aklavik,68.2191,-135.0107,-2.2,84,99,1.14,CA,2021-02-15 03:33:49
539,Pemba,-12.974,40.5178,77.0,94,75,12.66,MZ,2021-02-15 03:33:50
540,Aksha,50.2814,113.2867,3.7,85,99,5.55,RU,2021-02-15 03:33:50
541,Chumikan,54.7183,135.315,5.11,92,100,7.63,RU,2021-02-15 03:33:50
542,Aquiraz,-3.9014,-38.3911,80.6,83,40,5.75,BR,2021-02-15 03:33:50
543,Krk,45.0258,14.5731,33.8,32,0,10.36,HR,2021-02-15 03:33:50
544,Fallon,39.4735,-118.7774,44.6,57,90,5.75,US,2021-02-15 03:33:50
545,Laredo,27.5064,-99.5075,30.2,93,90,13.8,US,2021-02-15 03:33:51
546,Shimanovsk,52.0,127.7,-3.05,89,100,6.8,RU,2021-02-15 03:33:51
547,Kamenka,51.3223,42.7678,-6.57,92,12,7.02,RU,2021-02-15 03:33:51
548,Bilibino,68.0546,166.4372,1.24,88,92,0.94,RU,2021-02-15 03:33:51
549,Nata,8.3333,-80.5167,75.0,37,86,3.0,PA,2021-02-15 03:33:51
550,Northam,51.0333,-4.2167,46.99,94,100,8.99,GB,2021-02-15 03:33:51
551,Jian,27.1172,114.9793,68.02,58,0,3.27,CN,2021-02-15 03:33:51
552,Marawi,7.9986,124.2928,82.0,82,85,5.99,PH,2021-02-15 03:33:51
553,Padilla,3.2204,-76.3139,75.2,69,40,8.05,CO,2021-02-15 03:33:51
554,Takoradi,4.8845,-1.7554,78.96,88,99,7.58,GH,2021-02-15 03:33:52
555,Agde,43.3108,3.4758,48.2,61,90,8.05,FR,2021-02-15 03:33:52
556,Eenhana,-17.4667,16.3333,71.6,83,100,4.61,NA,2021-02-15 03:33:52
557,Bria,6.5423,21.9863,68.47,38,99,3.38,CF,2021-02-15 03:33:52
558,Moyale,3.5167,39.0584,67.3,45,4,4.47,KE,2021-02-15 03:33:52
559,Melilla,35.2937,-2.9383,59.0,82,75,9.22,ES,2021-02-15 03:33:52
560,Glendive,47.1053,-104.7125,-7.6,54,1,4.61,US,2021-02-15 03:33:08
561,Whitecourt,54.1502,-115.6855,-4.0,65,75,8.05,CA,2021-02-15 03:33:53
562,Wad Madani,14.4012,33.5199,70.75,27,0,8.37,SD,2021-02-15 03:33:53
563,Izhma,65.0083,53.9113,-14.3,88,100,5.3,RU,2021-02-15 03:33:53
564,Bastia,42.6667,9.3333,39.0,69,0,5.75,FR,2021-02-15 03:33:53
565,Ulaanbaatar,47.9077,106.8832,6.8,61,40,20.13,MN,2021-02-15 03:32:51
566,Tecoanapa,16.5167,-98.75,71.02,69,0,6.67,MX,2021-02-15 03:33:53
567,Kikwit,-5.041,18.8162,70.95,92,100,1.99,CD,2021-02-15 03:33:54
568,Anadyr,64.75,177.4833,-2.0,71,82,20.13,RU,2021-02-15 03:33:54
569,Ust-Omchug,61.15,149.6333,-11.07,83,49,3.85,RU,2021-02-15 03:33:54
570,San Luis De La Paz,21.3,-100.5167,51.69,41,0,8.81,MX,2021-02-15 03:33:54
571,Naryan-Mar,67.6713,53.087,-20.79,86,100,9.28,RU,2021-02-15 03:33:54
572,Gboko,7.3179,8.9951,75.99,86,0,5.97,NG,2021-02-15 03:33:54
573,Jardim,-21.4803,-56.1381,71.58,92,49,2.51,BR,2021-02-15 03:33:55
574,Mazatlan,23.2167,-106.4167,69.01,82,40,3.58,MX,2021-02-15 03:31:37
575,Majur,44.7697,19.6544,26.01,60,16,5.01,RS,2021-02-15 03:33:55
576,Beawar,26.1,74.3167,72.66,21,8,1.45,IN,2021-02-15 03:33:55
577,Fuyu,45.1833,124.8167,4.26,88,10,8.66,CN,2021-02-15 03:33:55
578,Santa Barbara,34.7333,-120.0343,52.0,71,1,10.36,US,2021-02-15 03:33:55
